"OpportunityId","Product2.Name"
"0061500000RcwUDAAZ","The Headphones"
"0061500000RcwUDAAZ","LTE Hotspot Service"
"0061500000RcwUEAAZ","The Offsite"
"0061500000RcwUEAAZ","LTE Hotspot Service"
"0061500000RcwUFAAZ","Installation Services"
"0061500000RcwUFAAZ","The Boardroom"
"0061500000RcwUGAAZ","The Offsite"
"0061500000RcwUGAAZ","LTE Hotspot Service"
"0061500000RcwUIAAZ","The Offsite"
"0061500000RcwUIAAZ","LTE Hotspot Service"
"0061500000RcwUJAAZ","Installation Services"
"0061500000RcwUJAAZ","The Headphones"
"0061500000RcwUKAAZ","Installation Services"
"0061500000RcwUKAAZ","The Headphones"
"0061500000RcwULAAZ","LTE Hotspot Service"
"0061500000RcwULAAZ","The Headphones"
"0061500000RcwUMAAZ","The Offsite"
"0061500000RcwUMAAZ","LTE Hotspot Service"
"0061500000RcwUNAAZ","LTE Hotspot Service"
"0061500000RcwUNAAZ","The Offsite"
"0061500000RcwUOAAZ","LTE Hotspot Service"
"0061500000RcwUOAAZ","The Offsite"
"0061500000RcwUPAAZ","The Boardroom"
"0061500000RcwUPAAZ","The Offsite"
"0061500000RcwUQAAZ","The Offsite"
"0061500000RcwUQAAZ","The Boardroom"
"0061500000RcwURAAZ","LTE Hotspot Service"
"0061500000RcwURAAZ","The Offsite"
"0061500000RcwUSAAZ","The Offsite"
"0061500000RcwUSAAZ","The Boardroom"
"0061500000RcwUTAAZ","The Offsite"
"0061500000RcwUTAAZ","The Boardroom"
"0061500000RcwUUAAZ","LTE Hotspot Service"
"0061500000RcwUUAAZ","The Headphones"
"0061500000S2vqiAAB","The Offsite"
"0061500000S2vqiAAB","The Boardroom"
"0061500000S2vqjAAB","Installation Services"
"0061500000S2vqjAAB","The Boardroom"
"0061500000S2vqkAAB","The Offsite"
"0061500000S2vqrAAB","Premium Support"
"0061500000S2vqrAAB","The Earbuds"
"0061500000S2vqrAAB","Installation Services"
"0061500000S2vqRAAR","Installation Services"
"0061500000S2vqVAAR","The Offsite"
"0061500000S2vs4AAB","The Offsite"
"0061500000S2vs4AAB","The Boardroom"
"0061500000S2vsyAAB","The Offsite"
"0061500000S2vsyAAB","Installation Services"
"0061500000S2vsyAAB","The Boardroom"
"0061500000S2vt0AAB","The Offsite"
"0061500000S2vt2AAB","The Offsite"
"0061500000S2vt2AAB","Installation Services"
"0061500000S2vt2AAB","The Boardroom"
"0061500000S2vt3AAB","Installation Services"
"0061500000S2vt3AAB","The Boardroom"
"0061500000S2vt4AAB","Basic Support"
"0061500000S2vt4AAB","The Offsite"
"0061500000S2vt5AAB","Basic Support"
"0061500000S2vt5AAB","The Boardroom"
"0061500000S2vt5AAB","The Offsite"
"0061500000S2vt7AAB","The Headphones"
"0061500000S2vt8AAB","The Offsite"
"0061500000S2vt8AAB","The Headphones"
"0061500000S2vu0AAB","The Offsite"
"0061500000S2vu0AAB","LTE Hotspot Service"
"0061500000S2vu1AAB","LTE Hotspot Service"
"0061500000S2vu1AAB","The Headphones"
"0061500000S2vu2AAB","The Headphones"
"0061500000S2vu2AAB","Installation Services"
"0061500000S2vu3AAB","The Boardroom"
"0061500000S2vu3AAB","Installation Services"
"0061500000S2vu4AAB","The Boardroom"
"0061500000S2vu4AAB","The Offsite"
"0061500000S2vu9AAB","The Headphones"
"0061500000S2vu9AAB","Installation Services"
"0061500000S2vuaAAB","The Headphones"
"0061500000S2vuaAAB","LTE Hotspot Service"
"0061500000S2vuAAAR","The Headphones"
"0061500000S2vuAAAR","Installation Services"
"0061500000S2vueAAB","Installation Services"
"0061500000S2vueAAB","The Boardroom"
"0061500000S2vugAAB","The Headphones"
"0061500000S2vugAAB","LTE Hotspot Service"
"0061500000S2vuGAAR","The Offsite"
"0061500000S2vuGAAR","LTE Hotspot Service"
"0061500000S2vuhAAB","Installation Services"
"0061500000S2vuhAAB","The Headphones"
"0061500000S2vuHAAR","The Headphones"
"0061500000S2vuHAAR","LTE Hotspot Service"
"0061500000S2vuiAAB","The Offsite"
"0061500000S2vuiAAB","The Boardroom"
"0061500000S2vuIAAR","LTE Hotspot Service"
"0061500000S2vuIAAR","The Offsite"
"0061500000S2vujAAB","The Headphones"
"0061500000S2vujAAB","LTE Hotspot Service"
"0061500000S2vukAAB","Installation Services"
"0061500000S2vukAAB","The Headphones"
"0061500000S2vulAAB","Installation Services"
"0061500000S2vulAAB","The Headphones"
"0061500000S2vuLAAR","The Boardroom"
"0061500000S2vuLAAR","Installation Services"
"0061500000S2vumAAB","The Boardroom"
"0061500000S2vumAAB","The Offsite"
"0061500000S2vuMAAR","The Boardroom"
"0061500000S2vuMAAR","Installation Services"
"0061500000S2vuNAAR","LTE Hotspot Service"
"0061500000S2vuNAAR","The Offsite"
"0061500000S2vuqAAB","Installation Services"
"0061500000S2vuqAAB","The Boardroom"
"0061500000S2vurAAB","The Headphones"
"0061500000S2vurAAB","Installation Services"
"0061500000S2vuRAAR","LTE Hotspot Service"
"0061500000S2vuRAAR","The Headphones"
"0061500000S2vusAAB","LTE Hotspot Service"
"0061500000S2vusAAB","The Headphones"
"0061500000S2vuSAAR","The Offsite"
"0061500000S2vuSAAR","LTE Hotspot Service"
"0061500000S2vutAAB","The Headphones"
"0061500000S2vutAAB","Installation Services"
"0061500000S2vuTAAR","The Boardroom"
"0061500000S2vuTAAR","Installation Services"
"0061500000S2vuuAAB","LTE Hotspot Service"
"0061500000S2vuuAAB","The Offsite"
"0061500000S2vuUAAR","LTE Hotspot Service"
"0061500000S2vuUAAR","The Offsite"
"0061500000S2vuwAAB","LTE Hotspot Service"
"0061500000S2vuwAAB","The Headphones"
"0061500000S2vuxAAB","The Boardroom"
"0061500000S2vuxAAB","Installation Services"
"0061500000S2vuyAAB","The Headphones"
"0061500000S2vuyAAB","LTE Hotspot Service"
"0061500000S2vuYAAR","LTE Hotspot Service"
"0061500000S2vuYAAR","The Headphones"
"0061500000S2vuZAAR","Installation Services"
"0061500000S2vuZAAR","The Headphones"
"0061500000S2vv0AAB","The Boardroom"
"0061500000S2vv0AAB","Installation Services"
"0061500000S2vv1AAB","LTE Hotspot Service"
"0061500000S2vv1AAB","The Headphones"
"0061500000S2vv2AAB","The Offsite"
"0061500000S2vv2AAB","The Boardroom"
"0061500000S2vv3AAB","Installation Services"
"0061500000S2vv3AAB","The Headphones"
"0061500000S2vv4AAB","The Offsite"
"0061500000S2vv4AAB","The Boardroom"
"0061500000S2vv5AAB","LTE Hotspot Service"
"0061500000S2vv5AAB","The Offsite"
"0061500000S2vv6AAB","Installation Services"
"0061500000S2vv6AAB","The Boardroom"
"0061500000S2vv9AAB","Installation Services"
"0061500000S2vv9AAB","The Headphones"
"0061500000S2vvAAAR","LTE Hotspot Service"
"0061500000S2vvAAAR","The Headphones"
"0061500000S2vvBAAR","The Headphones"
"0061500000S2vvBAAR","Installation Services"
"0061500000S2vvcAAB","The Boardroom"
"0061500000S2vvcAAB","Installation Services"
"0061500000S2vvCAAR","LTE Hotspot Service"
"0061500000S2vvCAAR","The Headphones"
"0061500000S2vvdAAB","The Offsite"
"0061500000S2vvdAAB","The Boardroom"
"0061500000S2vveAAB","The Headphones"
"0061500000S2vveAAB","Installation Services"
"0061500000S2vvFAAR","The Headphones"
"0061500000S2vvFAAR","LTE Hotspot Service"
"0061500000S2vvgAAB","Installation Services"
"0061500000S2vvgAAB","The Boardroom"
"0061500000S2vvhAAB","Installation Services"
"0061500000S2vvhAAB","The Headphones"
"0061500000S2vviAAB","The Offsite"
"0061500000S2vviAAB","The Boardroom"
"0061500000S2vvIAAR","LTE Hotspot Service"
"0061500000S2vvIAAR","The Headphones"
"0061500000S2vvjAAB","Installation Services"
"0061500000S2vvjAAB","The Boardroom"
"0061500000S2vvJAAR","The Boardroom"
"0061500000S2vvJAAR","Installation Services"
"0061500000S2vvkAAB","The Boardroom"
"0061500000S2vvkAAB","Installation Services"
"0061500000S2vvKAAR","The Offsite"
"0061500000S2vvKAAR","The Boardroom"
"0061500000S2vvlAAB","The Boardroom"
"0061500000S2vvlAAB","Installation Services"
"0061500000S2vvLAAR","The Boardroom"
"0061500000S2vvLAAR","Installation Services"
"0061500000S2vvmAAB","The Offsite"
"0061500000S2vvmAAB","The Boardroom"
"0061500000S2vvnAAB","The Offsite"
"0061500000S2vvnAAB","LTE Hotspot Service"
"0061500000S2vvoAAB","Installation Services"
"0061500000S2vvoAAB","The Headphones"
"0061500000S2vvOAAR","LTE Hotspot Service"
"0061500000S2vvOAAR","The Offsite"
"0061500000S2vvpAAB","The Boardroom"
"0061500000S2vvpAAB","Installation Services"
"0061500000S2vvPAAR","The Boardroom"
"0061500000S2vvPAAR","The Offsite"
"0061500000S2vvQAAR","The Headphones"
"0061500000S2vvQAAR","Installation Services"
"0061500000S2vvrAAB","Installation Services"
"0061500000S2vvrAAB","The Headphones"
"0061500000S2vvRAAR","The Offsite"
"0061500000S2vvRAAR","The Boardroom"
"0061500000S2vvsAAB","LTE Hotspot Service"
"0061500000S2vvsAAB","The Headphones"
"0061500000S2vvtAAB","The Boardroom"
"0061500000S2vvtAAB","The Offsite"
"0061500000S2vvTAAR","The Boardroom"
"0061500000S2vvTAAR","The Offsite"
"0061500000S2vvuAAB","Installation Services"
"0061500000S2vvuAAB","The Boardroom"
"0061500000S2vvUAAR","The Headphones"
"0061500000S2vvUAAR","LTE Hotspot Service"
"0061500000S2vvVAAR","The Boardroom"
"0061500000S2vvVAAR","Installation Services"
"0061500000S2vvwAAB","The Boardroom"
"0061500000S2vvwAAB","The Offsite"
"0061500000S2vvWAAR","The Boardroom"
"0061500000S2vvWAAR","The Offsite"
"0061500000S2vvxAAB","Installation Services"
"0061500000S2vvxAAB","The Headphones"
"0061500000S2vvXAAR","The Offsite"
"0061500000S2vvXAAR","LTE Hotspot Service"
"0061500000S2vvYAAR","The Boardroom"
"0061500000S2vvYAAR","The Offsite"
"0061500000S2vvZAAR","The Offsite"
"0061500000S2vvZAAR","LTE Hotspot Service"
